{
    "search_results": {
        "(0, 0, 2)": {
            "alpha_param": 0,
            "beta_param": 0,
            "gamma_param": 2,
            "precision": [
                0.824468085106383,
                0.6622340425531915,
                0.5159574468085107,
                0.43306737588652483,
                0.38413120567375925,
                0.34104609929078006,
                0.3130572441742657,
                0.2911157548125633,
                0.27803951367781155,
                0.26941067207024677,
                0.25998127168339963,
                0.2532920389303369,
                0.24657490854299371,
                0.24169415100266176,
                0.23928786934106094,
                0.2362071955821956,
                0.234153847647277,
                0.23234603232256568,
                0.23184833417649126,
                0.2302665872559985
            ],
            "recall": [
                0.27171337899945686,
                0.4023153715695345,
                0.44755205962537165,
                0.48222847806508773,
                0.5138658049816699,
                0.5299158746516822,
                0.5454491519535766,
                0.5532047666107868,
                0.5661466858027061,
                0.5793557432936786,
                0.5829533941652657,
                0.5870617267310451,
                0.5884580033267898,
                0.5910415899529295,
                0.5973950178489107,
                0.6013210563494173,
                0.6047405092369552,
                0.6069568212936928,
                0.6100761222055469,
                0.6100761222055469
            ],
            "f1": [
                0.37737370648196694,
                0.4634922738184216,
                0.44464593454860896,
                0.42506858576575535,
                0.4110773771160626,
                0.3891963706478826,
                0.37375371346393377,
                0.3586126983755881,
                0.35050873356758133,
                0.34546314907219294,
                0.33770320924472175,
                0.33210625411977224,
                0.32605518181619236,
                0.32190442628232413,
                0.32071700875040204,
                0.31827616405471226,
                0.31678294013209407,
                0.31532666102628687,
                0.3152469169429118,
                0.3136996311156747
            ],
            "target_performance": 0.38413120567375925
        }
    },
    "gene_number_to_optimize": 5
}