{
    "search_results": {
        "(0.01, 0.5, 1)": {
            "alpha_param": 0.01,
            "beta_param": 0.5,
            "gamma_param": 1,
            "precision": [
                0.9526315789473684,
                0.7657894736842106,
                0.6447368421052628,
                0.5706140350877192,
                0.5250877192982455,
                0.4998245614035087,
                0.4865413533834586,
                0.47911654135338355,
                0.47597326649958244,
                0.4741604010025064,
                0.4731077694235589,
                0.47254955570745044,
                0.4728194612405139,
                0.4727616243405718,
                0.4727616243405718,
                0.4727616243405718,
                0.4727616243405718,
                0.4727616243405718,
                0.4727616243405718,
                0.4727616243405718
            ],
            "recall": [
                0.2836951133700328,
                0.4085358721736359,
                0.46632734532423864,
                0.4848431456947302,
                0.49268547880022123,
                0.499676007658599,
                0.500868224311342,
                0.5025256286918585,
                0.5040075944758837,
                0.5041670841090575,
                0.5041670841090575,
                0.5041670841090575,
                0.5043174600489071,
                0.5043174600489071,
                0.5043174600489071,
                0.5043174600489071,
                0.5043174600489071,
                0.5043174600489071,
                0.5043174600489071,
                0.5043174600489071
            ],
            "f1": [
                0.3953917552874591,
                0.4778388228888133,
                0.4838189244048032,
                0.46940205605632107,
                0.45583059693357814,
                0.44896283593934,
                0.44472087938303934,
                0.4431747550608569,
                0.44313376891284983,
                0.4426169654717456,
                0.4422816060002917,
                0.44215558746762224,
                0.44234884543523634,
                0.44233304015627317,
                0.44233304015627317,
                0.44233304015627317,
                0.44233304015627317,
                0.44233304015627317,
                0.44233304015627317,
                0.44233304015627317
            ],
            "target_performance": 0.5250877192982455
        }
    },
    "gene_number_to_optimize": 5
}