{"GRM1": 54.89190376732313, "PCMT1": 46.76720637083716, "IFNGR1": 34.16227666106406, "PDE7B": 25.13179859395991, "TNFAIP3": 3.623616953703715, "HBS1L": 42.87123352383887, "HIVEP2": 1.763023899224031, "USP45": 42.66275715458462, "TFB1M": 9.382239762902877, "PERP": 7.908452311822873, "STXBP5": 0.839230412640217, "NOX3": 20.738803766659807, "ARID1B": 12.252817915967519, "MYCT1": 21.13342517889839, "VIP": 15.027529932860627, "FBXO5": 0.8646819053119797, "CCNC": 18.634675706951516, "PEX3": 5.051293876111544, "SNX9": 21.16769400380515, "MTHFD1L": 33.20301557405439, "OPRM1": 5.422001551302724, "REPS1": 3.6435652123625424, "SYNJ2": 13.228965944203239, "MAP3K5": 26.026376947323165, "SUMO4": 0.914500610610872, "IPCEF1": 18.13637293291271, "PHACTR2": 53.759329878554695, "PPIL4": 0.921827465765315, "CD109": 31.64652707836338, "SCAF8": 9.513103546976946, "MCHR2": 36.72918017468585, "SIM1": 33.8488209451814, "KATNA1": 4.391587106294372, "IL20RA": 12.866340028239364, "CITED2": 11.233923762365647, "ASCC3": 14.693812202465741, "NMBR": 22.850418763114472, "TMEM181": 14.908241948462651, "LTV1": 1.846800440468462, "VTA1": 0.911005416713674, "DYNLT1": 4.080278483967103, "LATS1": 0.938486806279584, "ESR1": 110.31762046189179, "EZR": 134.71493195104975, "NUP43": 2.676950264454761, "PLAGL1": 16.21755521975253, "TAGAP": 2.548155776945041, "SF3B5": 1.676520922380543, "STX11": 45.50423932825896, "COL12A1": 26.565235795175976, "UTRN": 59.90452364422713, "SOD2": 18.99390482238254, "WTAP": 11.241665529378404, "GRIK2": 128.20169859357088, "ACAT2": 35.50053751220679, "TCP1": 107.49950932961227, "MYB": 57.68228115865128, "MRPL18": 0.621511218490537, "IGF2R": 6.11986195329516, "SYNE1": 51.74104883523715, "LIN28B": 13.610173012908213, "LPA": 112.91684589873596, "COX7A2": 14.86391994319134, "PLG": 140.97209741973433, "MAP3K4": 14.069460563847624, "PRDM1": 5.140556616624782, "EPM2A": 14.486303990861133, "AGPAT4": 2.567727884311987, "ATG5": 12.456641479194872, "PACRG": 25.98260840051992, "QKI": 35.34154358200812, "PDE10A": 138.67267912670167, "RPS6KA2": 81.98272681507825, "PDSS2": 1.637008192088213, "FGFR1OP": 47.96931549156956, "CCR6": 42.63918390264831, "MYO6": 150.7572897616547, "KIF25": 9.638843402069096, "AHI1": 3.593164374947901, "OSTM1": 34.21062377289267, "THBS2": 43.68129775869879, "NR2E1": 39.61898351414885, "SNX3": 10.00168624607605, "TCTE3": 8.954730459172, "FOXO3": 56.986654523238485, "DLL1": 45.55866261829565, "HTR1B": 2.8162641406722217, "PSMB1": 20.484038723767004, "TBP": 21.33576136893727, "SESN1": 14.003452975195133, "PHIP": 1.788271496719329, "ELOVL4": 25.844108740454715, "SMPD2": 2.562962703577971, "TTK": 11.231818953552501, "BCKDHB": 10.211823236999898, "AK9": 21.739802336596256, "IBTK": 120.84708270769457, "WASF1": 59.98670937399563, "TPBG": 0.910124642382037, "CDC40": 7.2678795132647185, "DDO": 12.642918644796804, "SLC22A16": 27.97068946933752, "CDK19": 17.77052435240939, "AMD1": 13.056767545382732, "GTF3C6": 12.078292553366467, "RPF2": 4.454065716398514, "ME1": 46.76172152137013, "REV3L": 5.2103199978626975, "SNAP91": 39.50112859806099, "FYN": 281.80000822293607, "CYB5R4": 32.382398131548555, "LAMA4": 37.04832162927064, "NT5E": 84.65513537375138, "KHDRBS2": 2.717068987129486, "PTP4A1": 25.715170110329076, "HDAC2": 36.093102369032884, "HS3ST5": 67.18612170009085, "COL10A1": 67.01943740573105, "SYNCRIP": 21.765566475746635, "TRAPPC3L": 1.851266695497697, "HTR1E": 1.544657697550917, "CGA": 66.24892664193318, "GPRC6A": 49.647243679878656, "COL9A1": 55.80666553494914, "ORC3": 12.259753056430714, "GOPC": 19.33204811263594, "NUS1": 0.591467556316523, "CNR1": 35.83923826546283, "PLN": 91.79273106968118, "RNGTT": 11.676555773022594, "MCM9": 29.70886886780497, "ASF1A": 4.318316471543916, "MAN1A1": 10.708078424749804, "SMAP1": 0.607726413651342, "GABRR2": 44.98770156482825, "UBE2J1": 3.5603062212710332, "RRAGD": 20.145894530230734, "B3GAT2": 12.416741678558388, "GJA1": 9.505252979228764, "HSF2": 11.44215406379036, "FABP7": 1.610812231755987, "RIMS1": 79.24805211679046, "RNF217": 31.144320680999744, "TPD52L1": 2.730166478098325, "MAP3K7": 78.04680858503365, "EPHA7": 33.701650711143586, "HEY2": 39.28385988641963, "NCOA7": 40.989233616425814, "UFL1": 7.76822826275648, "KCNQ5": 37.4079316823999, "FHL5": 27.053336854320357, "NDUFAF4": 6.939862284100652, "CENPW": 4.059365979937027, "RSPO3": 5.021530058567178, "RNF146": 1.7325461415092431, "FBXL4": 6.3599023089073015, "ECHDC1": 78.07857946105533, "EEF1A1": 23.20234958843477, "PTPRK": 56.75313487654806, "LAMA2": 28.226999945977617, "EPB41L2": 36.816762981219206, "AKAP7": 190.63191797895124, "ARG1": 7.202767844566704, "MED23": 5.817119742964503, "ENPP3": 90.34491773873343, "OR2A4": 516.907042990785, "ENPP1": 39.9922041449263, "CTGF": 17.713910597154488, "STX7": 50.85926961156226, "TAAR5": 7.365407773906336, "TAAR2": 22.30339441055298, "TAAR1": 3.443210792034952, "SLC18B1": 0.915237947987268, "RPS12": 13.215954169146883, "EYA4": 16.63992265550326, "SGK1": 23.88849821824484, "RARS2": 0.690855054413014, "TRMT11": 13.638504982598679, "RNASET2": 1.718257459791293, "FUT9": 70.05957454345973, "RAET1G": 11.052379253458428, "ULBP1": 1.82371273927645, "ULBP3": 0.761662116562223, "PPP1R14C": 0.746801822553269, "BCLAF1": 0.866387579721076, "UST": 19.692847672539667, "PREP": 16.995290586591864, "PGM3": 3.586761717095023, "DSE": 55.39169804817756, "KPNA5": 1.591510798593808, "VNN1": 11.346862341531052, "VNN2": 0.857149555760545, "TUBE1": 0.287324616568404, "FUCA2": 24.305157305479625, "ADAT2": 0.0658712244544708}