{
    "LAMA3": 3.5233439704413314,
    "TP53": 694.2423009873903,
    "ACACB": 3.93512520546502,
    "APC": 1268.7741193553202,
    "NMUR2": 0.168352325100306,
    "IRF5": 29.426356214439,
    "PIK3CA": 153.34241779819973,
    "ATM": 1.967126768997309,
    "MTOR": 9.90681563276834,
    "TTN": 2.103224671654116,
    "FLT4": 4.263288753373727,
    "KRAS": 176.80107160449396,
    "NCAM1": 0.852793203092064,
    "SPTB": 2.683651088468746,
    "TBXA2R": 0.881425521669243,
    "COL5A3": 2.661826309094367,
    "TNXB": 1.808305113564816,
    "DGKB": 6.064788772510298,
    "ITPR1": 4.999957544719981,
    "RXFP3": 0.841520433052574,
    "F8": 4.580401307882385,
    "BAX": 2.30076695173854,
    "TIAM1": 1.685054585852543,
    "HGF": 1.30460527967317,
    "MYC": 2.245754740199455,
    "EP300": 1.291146999684975,
    "PLCB3": 1.365862567720911,
    "OR5D18": 4.100350558054599,
    "SCN5A": 0.884327055317443,
    "CACNA2D3": 1.4769341478980351,
    "NRXN2": 0.942315048280663,
    "PLCB1": 1.709027731468945,
    "KCNQ2": 4.412795677791414,
    "CACNA1B": 15.998939980955134,
    "NGFR": 0.589068365513069,
    "A2M": 0.816477140846046,
    "COL11A1": 3.26487167875432,
    "TFAP2B": 0.565757068065542,
    "SERPINE1": 0.706262504924314,
    "VWF": 1.8700485163529401,
    "AKT1": 2.330242354984645,
    "CTNNB1": 5.820458833468796,
    "ACTN4": 0.380058267841295,
    "CDH2": 0.874825850152106,
    "SLC9A1": 1.57655884671693,
    "GRM7": 4.4426065205109815,
    "BRAF": 5.9066658005734185,
    "RELN": 2.5687464519810828,
    "AKAP9": 1.589531637481005,
    "OCRL": 0.702999566876174,
    "AR": 23.865825069505178,
    "SPTBN2": 1.7326655868931629,
    "PLXNA4": 0.815128105030457,
    "FLNB": 3.158960380686848,
    "DYNC2H1": 0.819945487948956,
    "NCOA2": 10.188654247316395,
    "SMAD4": 13.691030489380106,
    "RBP1": 3.1525757306648083,
    "CREBBP": 7.948453313113243,
    "NFATC1": 1.5984057149645299,
    "F2": 0.908294992145126,
    "KAT2B": 0.79346864533984,
    "CAMK2G": 1.862947776102833,
    "JAK1": 1.823150268649104,
    "ESR1": 5.167781953541989,
    "IQGAP1": 0.90237272867737,
    "NCOR2": 2.8545729476821373,
    "HLA-A": 1.4802825524844598,
    "NCOR1": 0.736609166390552,
    "NOS1": 4.452199284485179,
    "TRIP6": 1.807026442162348,
    "CENPE": 0.912960603499518,
    "LAMA5": 16.121490661597097,
    "ITGA1": 0.646812618472531,
    "SPTBN5": 1.791878028362655,
    "ADCY10": 0.798331392335488,
    "RYR2": 23.214503639813113,
    "MYH11": 0.462288575110536,
    "FLNC": 1.408014572374308,
    "KDELR1": 0.860959339804576,
    "CACNA1A": 4.45652626524198,
    "ANK3": 4.486405849685178,
    "PLXNA2": 0.891702579899458,
    "COL2A1": 2.662839075698031,
    "OR51E1": 1.664646814305305,
    "CACNA1E": 0.907312066446143,
    "ATP2B3": 0.679847606609901,
    "ATP2B4": 0.828897535783283,
    "PYGB": 3.225716929408761,
    "SERPING1": 1.504774867346325,
    "MKL1": 0.698469973170458,
    "FZD6": 2.513024769541422,
    "OBSCN": 1.876592040364961,
    "NRXN3": 1.583374574251781,
    "RYR3": 0.64940815512228,
    "ARFGEF2": 0.776704842554989,
    "ARFGEF1": 0.819334543819008,
    "RASAL3": 1.616213609976482,
    "COL4A2": 0.460366319046627,
    "PLXNB3": 2.293713177990485,
    "COL7A1": 0.821371072819932,
    "NOTCH3": 0.888835317210814,
    "COL6A3": 8.524263662671038,
    "APOB": 8.584457434719893,
    "EPN1": 0.649671866525226,
    "BMPR2": 2.353595645691568,
    "LRP2": 10.651338843706315,
    "MED12": 2.683815818978161,
    "LRRFIP1": 1.419313752996161,
    "AMPD3": 0.812441460497795,
    "SYNE1": 8.352534450371095,
    "CBX8": 1.682361705625218,
    "FAT1": 0.87702333036309,
    "TICAM1": 0.571089460452318,
    "ARID1A": 74.79178767848532,
    "CRTC1": 0.593608839933167,
    "SETD2": 0.78824478057481,
    "PLB1": 10.35695074302766,
    "TBK1": 0.844657089763522,
    "FURIN": 0.810682143846604,
    "USP9X": 4.3355175223052385,
    "SAFB": 0.888397757259045,
    "CYP17A1": 0.921537955607994,
    "RDH12": 0.91290413509343,
    "CYP7B1": 1.605933306170646,
    "ADCY7": 0.543937258834437,
    "HTR2C": 0.724764000726684,
    "TGFB1": 4.21643173572456,
    "OBSL1": 5.580765024208906,
    "NEFH": 2.237910098028796,
    "GRIN3B": 0.726464247653676,
    "TCF7L2": 4.0389453438613785,
    "TBP": 6.861675424582276,
    "SCN3B": 0.884171689440004,
    "LRRK2": 0.621581163833865,
    "SCN2A": 4.141664293405545,
    "KCNQ5": 1.703704276432285,
    "PAX6": 0.716281676302947,
    "OR2C1": 0.809361049397848,
    "PRKACG": 0.875849516515846,
    "TAS2R16": 0.825762655871216,
    "COL4A4": 1.255688832212134,
    "MUC16": 15.741820869193623,
    "HSP90B1": 2.048030142664791,
    "MAMLD1": 0.835382680973363,
    "GMPR": 0.808682098829344,
    "GSTM4": 1.724354983291571,
    "UBA6": 0.577102620037726,
    "GRIA2": 0.907776050534669,
    "CHRM2": 1.762252727247045,
    "NOS3": 1.7037805264625958,
    "COL5A1": 9.923392199125585,
    "TGM2": 0.827279045786901,
    "COL12A1": 1.757656019171357,
    "CD109": 0.873171605006068,
    "AMPD1": 0.799933932516705,
    "GAD2": 1.5250746286580972,
    "GNAS": 12.765014642663836,
    "CYP2E1": 0.845401339703436,
    "HTT": 0.683512462775843,
    "MAPRE3": 0.716863062949229,
    "AGTR1": 0.763652748982093,
    "PTPRG": 0.906799976411729,
    "FYN": 0.361577277671819,
    "GUCY1A2": 0.88934144812369,
    "PTK2B": 0.853324368908853,
    "PCCA": 0.142782637759018,
    "UGT2B4": 1.397092448089407,
    "ADCY8": 0.818603185980776,
    "JAK3": 1.079924482348875,
    "MYH6": 0.525234983061448,
    "ACAN": 3.429690727849128,
    "MED15": 0.418567252331402,
    "KCNAB2": 0.812966666918011,
    "PLCG1": 0.846711263759855,
    "PPP2R5A": 0.765405119978201,
    "B2M": 1.409529819321253,
    "ADCY6": 0.843956304882894,
    "ADCY5": 3.476816701839549,
    "GRIA1": 0.611044661349741,
    "CACNA1D": 1.837942517165101,
    "CACNA1C": 0.899193426160686,
    "CACNA1S": 0.76593012527603,
    "VCAN": 0.790273709827596,
    "KCNJ4": 2.713481065783519,
    "RGS12": 0.889755357639761,
    "RYR1": 0.803517181793878,
    "GALE": 0.842624773238702,
    "COL4A5": 0.721699492948152,
    "PKD1": 0.895112437749102,
    "PPFIA3": 0.919140655246094,
    "PTGS1": 0.88387847748472,
    "AMPD2": 0.826998137562009,
    "WLS": 0.817972898888433,
    "NR5A1": 1.7413472075466,
    "DBT": 1.867304217136018,
    "ACAT1": 0.775326609455231,
    "TBL1XR1": 0.707095597477975,
    "GABBR1": 2.710836686627988,
    "IFIH1": 0.0084365477280307,
    "HSD3B1": 0.851158493139031,
    "ALDH1A3": 7.4628334471487126,
    "SMAD2": 0.776342276553651,
    "SHC1": 0.749334618318511,
    "CASR": 0.905175901590715,
    "PTEN": 6.4823388740184145,
    "ITGAM": 0.894622024197202,
    "DLG1": 1.568517256310948,
    "COL18A1": 18.276244563618143,
    "ITPR3": 3.495105560840022,
    "ABCA1": 1.620753467208928,
    "WRN": 4.110252959029811,
    "NCOA6": 16.7515752172532,
    "USP34": 11.602624927282056,
    "PDHA2": 1.579799170896134,
    "LRP1": 14.572839755573494,
    "STAT5A": 0.656898546285304,
    "IL2RG": 0.61315159099939,
    "VAV2": 0.834738093777137,
    "WASL": 0.853999784584771,
    "MOV10": 0.704541982792565,
    "ALOX15B": 0.879355756461836,
    "GRIP1": 0.818432532476995,
    "TRRAP": 1.266352312989245,
    "KIF2B": 0.909754497255331,
    "CABIN1": 0.87344924643845,
    "POFUT2": 2.6507556866770408,
    "NF1": 0.908307717031356,
    "CDON": 0.798516809086774,
    "CACNA1F": 0.729288134281903,
    "GATA4": 0.836177645165786,
    "OPRD1": 3.180648005329051,
    "CASP9": 1.610445547515081,
    "FZD2": 0.897540969207105,
    "PROS1": 3.2248535223423422,
    "ADAMTSL1": 1.807059482607664,
    "UGT3A1": 0.79516217690959,
    "GABBR2": 5.534297419434243,
    "MUC17": 4.127558549727717,
    "CSNK2A1": 0.821383190962004,
    "ADAMTS3": 1.733602063613743,
    "AGT": 0.882357825090931,
    "NRAS": 1.523086159607925,
    "MMP2": 2.641362774656086,
    "HSPG2": 9.980456365875247,
    "FN1": 0.517553445073222,
    "LCP2": 0.837061815183596,
    "PRKG2": 0.69518055073428,
    "TNC": 1.518041167751347,