{
    "search_results": {
        "0.01": {
            "alpha_param": 0.01,
            "precision": [
                0.9137931034482759,
                0.7327586206896551,
                0.5766283524904212,
                0.4774904214559387,
                0.4093869731800769,
                0.3664750957854406,
                0.3434865900383143,
                0.3279898741105638,
                0.31897007845283715,
                0.3143085203430032,
                0.31112147750078806,
                0.3099894677480885,
                0.3083684833684835,
                0.3072001115104564,
                0.305804380804381,
                0.3048944191185572,
                0.30438731972707644,
                0.30433097535024534,
                0.30402849501146734,
                0.30375626270656714
            ],
            "recall": [
                0.29758249602952275,
                0.4389700525645382,
                0.4928418299995339,
                0.5208738953160821,
                0.5313464368231062,
                0.5394307280108457,
                0.5477195895324658,
                0.5531766229205337,
                0.5585987630409497,
                0.5659366119736262,
                0.5702948495215189,
                0.5751614867157423,
                0.5757705571805098,
                0.5770476963886836,
                0.5770476963886836,
                0.5770476963886836,
                0.5770476963886836,
                0.5772871599902162,
                0.5772871599902162,
                0.5772871599902162
            ],
            "f1": [
                0.41126112722505703,
                0.5035897634513002,
                0.48911145036487347,
                0.45939982447947886,
                0.4282222645401808,
                0.40463280264783863,
                0.39112932766801173,
                0.3814371834921377,
                0.375685499895931,
                0.3740480148863956,
                0.372651337345458,
                0.37260244460520026,
                0.371500359543231,
                0.37100054821555467,
                0.36996127324610184,
                0.3694070911782222,
                0.3691328228658586,
                0.3692063881350012,
                0.36906589839896864,
                0.36893340435620503
            ],
            "target_performance": 0.4093869731800769
        },
        "0.05": {
            "alpha_param": 0.05,
            "precision": [
                0.9593908629441624,
                0.799492385786802,
                0.6539763113367173,
                0.5469543147208121,
                0.488832487309645,
                0.4490693739424704,
                0.4256224317138025,
                0.41193497703649984,
                0.40368624607203296,
                0.39714366287970354,
                0.3929904556808111,
                0.39083694083694087,
                0.3887544209879236,
                0.3872483128828305,
                0.38613639603487326,
                0.38537497471507626,
                0.3848710929593283,
                0.38503697995710545,
                0.3847698145817381,
                0.3845293657439075
            ],
            "recall": [
                0.2931725385442883,
                0.4384851482360116,
                0.5017550799102979,
                0.526318968738146,
                0.5429561527611169,
                0.5499772735761023,
                0.5551088101162682,
                0.5612858817755734,
                0.5627186833225881,
                0.5658912721550755,
                0.5669911029503377,
                0.5688179563000337,
                0.5691352151832824,
                0.5694172230795035,
                0.5694172230795035,
                0.5694172230795035,
                0.5694172230795035,
                0.5697737616340116,
                0.5697737616340116,
                0.5697737616340116
            ],
            "f1": [
                0.4089025775968396,
                0.5124578211425519,
                0.5145777060004819,
                0.4848711838865878,
                0.4662951814048032,
                0.4484703210738578,
                0.4374222943180004,
                0.43163546125007113,
                0.4270158634531757,
                0.4242450105172694,
                0.4222559863888135,
                0.4217356907567661,
                0.42093581791928636,
                0.4204649487485349,
                0.42001089894657545,
                0.41966648455135575,
                0.4195198140654861,
                0.41982383799005046,
                0.419742334270024,
                0.4196642507141271
            ],
            "target_performance": 0.488832487309645
        },
        "0.1": {
            "alpha_param": 0.1,
            "precision": [
                0.9754901960784313,
                0.8088235294117647,
                0.6633986928104576,
                0.5669934640522876,
                0.5155228758169939,
                0.486764705882353,
                0.4683239962651731,
                0.45773225957049507,
                0.44963040771864327,
                0.44510971055088716,
                0.4414555216025806,
                0.43978439860792823,
                0.4384646399352285,
                0.43789902907549966,
                0.4372220916338566,
                0.4368748694116343,
                0.43685684749698617,
                0.43668063322042583,
                0.43656596747108517,
                0.4367078663358942
            ],
            "recall": [
                0.29256563229909316,
                0.44035653996889335,
                0.4961452500360058,
                0.52067397101403,
                0.5350385936746886,
                0.5454162851553213,
                0.552850925678197,
                0.5551780261090128,
                0.555790771207052,
                0.5569935671402401,
                0.5569935671402401,
                0.558525429885338,
                0.5587139668385809,
                0.5588540228609898,
                0.5588540228609898,
                0.5588540228609898,
                0.5590582712270029,
                0.5590582712270029,
                0.5590582712270029,
                0.5591983272494118
            ],
            "f1": [
                0.4075725668276296,
                0.5141477193896741,
                0.512630644747759,
                0.4894571540604604,
                0.47357348485247813,
                0.46415535741473407,
                0.4582128045465314,
                0.4536205901232847,
                0.44996515887040234,
                0.4482944842138037,
                0.4468275717071939,
                0.4466899689719307,
                0.4463108576004523,
                0.446275462677592,
                0.44609347522831655,
                0.44598760300950785,
                0.4461261291761838,
                0.4460685777411215,
                0.44603188065262034,
                0.44617499639081126
            ],
            "target_performance": 0.5155228758169939
        },
        "0.2": {
            "alpha_param": 0.2,