"","SESN1","SMPD2","MICAL1","ZBTB24","AK9","KCNQ5"
"Interaction between L1 and Ankyrins",0.861198110723671,0,0,0,0,0.896062687925431
"Transmission across Chemical Synapses",0.899296222146461,0.877399568612808,0.87859382697048,0,0.897327914510195,0.898118480371782
"Neuronal System",0.902047170189797,0.886315028765771,0.886677692884722,0,0.901168003995408,0.879512969863011
"Activation of Matrix Metalloproteinases",0.85671939878726,0.884565233343235,0,0,0,0
"Post-translational modification: synthesis of GPI-anchored proteins",0,0,0,0,0.882035720182786,0.884338099279251
"Phase 0 - rapid depolarisation",0.776042973208539,0,0,0,0.811223709917776,0.769614703367406
"Drug ADME",0.787539791852325,0.785536134017599,0,0,0.804352626212046,0
"Stimuli-sensing channels",-0.0205535463448424,-0.0205535463448424,0,0,0.534883424556383,0.537400360261353
