"","APP","SNIP1","TP53","COL5A1","TRIM17","CACNA1F","LAMA4","APC","DMD","MLYCD","SMARCC2","G6PD"
"Activation of Matrix Metalloproteinases",0.720051139636772,0.733257323094544,0.677552463153431,0.729259444143818,0.730076901027459,0,0.73022314671672,0.727997538095565,0.727746983180937,0.682673494063516,0.685004541123215,0.68160394517625
"Phase 4 - resting membrane potential",0.720911581370266,0.633444854823459,0,0,0,0.729288134281903,0,0,0,0,0,0
"Ethanol oxidation",0,0,0.611699712200612,0,0,0,0,0,0,0.735808770084622,0,0.622870310297939
"Collagen chain trimerization",0.786391178825227,0.716126220758979,0.791230412674698,0.875799303390273,0.801937704270952,0.796814652677913,0.794856842875692,0.796469301963703,0.792310766484965,0,0.711834639251887,0
