"","TP53","PLA2G4A","DGKB","GAD2","PRKAG1","CANX","HSF1","SARDH","FKBP8"
"TNFs bind their physiological receptors",0.20727335718029,0.119770363081256,0,0,0.274641558396966,0.187124447425205,0.122385747449672,0,0
"RA biosynthesis pathway",0,0.646478766562931,0.647092080407558,0.649981836673093,0,0,0,0,0
"Ethanol oxidation",0.545006911459577,0.695446880785926,0.692802153183921,0.689345776257755,0.553819407372273,0.557380449152223,0.56160210651298,0.5646792462699,0.558267256239004
"TP53 Regulates Transcription of Death Receptors and Ligands",0.762243421096852,0,0,0,0,0,0,0,0
