"","NCOR2","IRF5","CAMK2B","HSD17B1","KRAS","APC","SERPINA3","SPTBN5","CACNA2D3","COL18A1","ITGA5","HS3ST4","PLEC","MYH2"
"Cytosolic sulfonation of small molecules",0.383264568257725,0.384086724056071,0.383448596799895,0.682121153973648,0,0,0,0,0,0,0,0,0,0
"LGI-ADAM interactions",0,0,0.66616931470111,0,0.568683771790278,0.570720756660765,0,0.467997654104071,0.670488312779931,0,0,0,0,0
"Collagen chain trimerization",0.753847237165348,0.823147626362051,0,0,0.816316769013789,0.754283381236093,0.823292021844442,0.818258964121508,0.750763891855889,0.886745798251419,0.885795551337464,0.823861227746673,0.819631800271377,0.818726518209849
"Aspirin ADME",0.520229553357303,0.519961719656078,0.520385298430905,0.691009801444465,0.519033926603268,0,0.526545978223391,0,0,0.522469645050772,0.521262010609216,0.529547948218204,0.524172921778001,0.523022431541444
"Phase II - Conjugation of compounds",0.534414217309846,0.53530723540371,0.534981646329296,0.642771990350423,0,0.488392344602289,0,0,0,0,0,0,0,0
"Peptide hormone biosynthesis",0.406695514804578,0,0,0,0,0,0.399214479355475,0.194759929251106,0,0,0,0,0,0
