"","NCOA2","TP53","MAML3","CCR5","DBH","PIK3R3","CD40","APC","GLUD2","DGKB","ADCY2","DYNC2H1","ADAMTS16","EPHB1","NUP153","CENPF","KLHL5"
"Phase II - Conjugation of compounds",0.822333981766511,0.801594471684784,0.803856282544114,0.779853683490659,0.803277613133376,0.778714432831501,0.781259134351498,0.76435939954634,0.823396020288114,0.784361698776904,0.782513896015042,0.80251484300313,0,0,0.762909383512909,0.763406257778893,0.740220411868022
"Activation of Matrix Metalloproteinases",0.885294082127953,0.88371300760172,0.886853289223701,0.884525053342828,0,0.884130901379317,0.857714473057772,0.884780478818417,0,0.858772448107191,0.883911613733898,0.855145281474139,0.885659032168691,0.885870326223832,0.857786327202326,0.855878120834585,0.854792292365457
"Glucuronidation",0.913735352567044,0.868258629207512,0.873298610518415,0.819683823327637,0.872969971360838,0,0,0,0,0,0,0,0,0,0,0,0
"Ethanol oxidation",0.830059177285185,0.754747939213618,0,0,0.836194843885804,0,0,0,0.82971979810284,0.830870988871146,0,0,0,0.756132944678518,0,0,0
"Blood group systems biosynthesis",0,0,0.498457537742294,0,0,0,0,0.494368774122887,0,0,0,0,0.499271317114436,0,0,0,0
"APAP ADME",0.633227264834015,0.626638798786294,0.558789743210812,0,0.563630884115438,0.541447203803023,0.551885394763185,0,0.718992777566046,0,0,0.633339621680804,0,0,0,0,0
"Glutathione conjugation",0.804069578375406,0.799650611468643,0.741018402080785,0.735533919967769,0.753384657448973,0.730726192774609,0.739048769515621,0,0.87685961455148,0,0.736463016770867,0,0,0,0,0,0
"Lewis blood group biosynthesis",0,0,0.419918850103221,0,0,0,0,0.41504929615214,0,0,0,0,0.42088802879042,0,0,0,0
"Collagen degradation",0.789935716850042,0.787193168319456,0.732062515746627,0.727344799793596,0,0.787578757909937,0.735112107688249,0.790497258529374,0,0.679341844182394,0.673247598242183,0.72937840138576,0.793084458264487,0.791103363129484,0.729993238197825,0.731391098038893,0.673571824232713
