"","APC","TP53","SMAD4","KRAS","MAGI2","A2M","PIK3CA","WIPF2","PTEN","KCNQ3","CASK","ACAN"
"Interaction between L1 and Ankyrins",0.901716392421184,0.8982969996814,0.869717721816897,0.927503463811834,0.899617502703042,0.900264868483627,0.899781671037101,0.901768832841622,0.900717123835574,0.929708494102791,0,0
"Cytosolic sulfonation of small molecules",0,0.775466308498646,0.778581238102546,0,0,0,0,0,0,0,0,0
"Blood group systems biosynthesis",0.620416532179675,0,0,0,0,0,0,0,0,0,0,0.677910264143448
"Phase 2 - plateau phase",0.673579815075349,0.666498875895958,0,0.757114330863971,0.682416069999384,0.672432448594617,0.668647003175197,0,0,0.668596812190301,0.675881922260077,0
"Negative regulation of TCF-dependent signaling by WNT ligand antagonists",0.817796707834547,0.862136361219613,0.816262928065651,0.763861383601901,0.821041957969251,0.816925752986878,0.813424578370417,0.819680099979846,0.81858290730144,0,0.761894706913133,0
"Lewis blood group biosynthesis",0.562042115419447,0,0,0,0,0,0,0,0,0,0,0.630024633739096
