"","LAMA3","PBRM1","RBBP7","TP53","MMP9"
"Glucuronidation",0.866572885033259,0.816705344595046,0.812023183679049,0.810653497301007,0.815348101895142
"Phase II - Conjugation of compounds",0.86797273985087,0.869156388412229,0.868736743385741,0.866502795476137,0.843465183315024
