"","PTGES2","TCF7","RET","FBXO41","FBXW7","SETD2","APC","MAP2K4","COL6A6","CYSLTR2","S1PR4","KRAS","ELMO1"
"Cytosolic sulfonation of small molecules",0.698070188155662,0.692499656199879,0,0,0,0.78824478057481,0,0,0,0,0,0,0
"Phase II - Conjugation of compounds",0.874063059312155,0.80549043607497,0.800852223061856,0.732250647776706,0.732148263906573,0.841430785191139,0.772841665428607,0.801280289433888,0.742469824584614,0,0,0,0
"Signaling by Retinoic Acid",0.638257146909194,0.247916474553801,0.246810635919292,0.519030610904091,0.518873246569276,0.250342030399924,0.246236429908016,0.247463364894494,0.248519224857085,0.522065321421806,0.246240730625593,0.246609107311272,0
"Ethanol oxidation",0.78584212672591,0,0.686033904346501,0,0,0,0,0,0,0,0,0,0
"Activation of Matrix Metalloproteinases",0.839455774570048,0.836810559135495,0.836291406244111,0.787507345791323,0.78737579192823,0.791678050508018,0.834175523185994,0.789823836090024,0.834853352620736,0.834885934018814,0.794484878399863,0.833256527378156,0.798332925999839
"WNT ligand biogenesis and trafficking",0,0.688332921356433,0.687395551820487,0.682873711603527,0.682636181223466,0,0.771016486289074,0.772868458236785,0.688819930376162,0.772344690155008,0.771068481671806,0.685305602282769,0.774458730320661
