"","MOV10","ATM","ACOT12","GRM5","GPR132","APC","FAS","CCNT1","OR10AG1","KRAS","SOX9","GRIA2","ROBO1","SCN11A","TTN","IRAK1","RNF213","MON1B"
"RA biosynthesis pathway",0,0,0.847907956423825,0,0,0,0,0,0,0,0,0,0,0,0,0,0,0
"Cytosolic sulfonation of small molecules",0.475364329221636,0.469713762545059,0,0,0,0,0,0,0,0,0,0,0,0,0,0,0,0
"Phase II - Conjugation of compounds",0.704541982792565,0.621961220823021,0.663460458468823,0,0,0.621292102256532,0.658913637639636,0.620772787377404,0,0,0,0,0,0,0,0,0.578452444446627,0
"Activation of Matrix Metalloproteinases",0.601393834901333,0.597952506872718,0,0.713714832940598,0.714288674187172,0.659392335175051,0.602013451969582,0.598975331650234,0,0.659803157253633,0.668151364016319,0.663472134429231,0.664169535361997,0,0.597981410790729,0.661964151175318,0.593409664118171,0
"Phase 4 - resting membrane potential",0,0,0,0.746788828415036,0.747889967980752,0,0,0,0.761271400587191,0,0,0,0,0.653978517816204,0,0,0,0
"Ethanol oxidation",0,0,0.733452308291553,0,0,0,0,0,0,0,0,0,0,0,0,0.606129141479504,0,0
"Interaction between L1 and Ankyrins",0.7786441117129,0.773932264359113,0,0.771327395812204,0.684115210968345,0.77623651585152,0.779766862351174,0.771436290508313,0.781537336319434,0.866147714288928,0.785088110557944,0.779766862351174,0.776495451335739,0.698925379702029,0.685544365730382,0,0,0.791152466664273
