"","PTGES3","TP53","BCL2L11","CTNNA2","FGFR3","APC","CTNND1","KRAS","BRAF","CAMK2D","PRKD3","NOX3","EPHA3","ALDH3B2","USP34","ZW10","MUC20","GRIA1","SOAT2","ABLIM3","ARHGAP29","OBSCN","SHOC2","UBFD1"
"IL-6-type cytokine receptor ligand interactions",0.865042348856302,0.905943677776289,0.868473805881252,0.867098196029524,0.864908177100579,0.865216911983093,0.864955010915704,0.862957349553152,0.86517821497,0.863555678330162,0.815919032643578,0.816042589127156,0.866660323557359,0,0.81409753824805,0,0.864695683731455,0.812071173981325,0,0.815872603922141,0.815691372174961,0.815124199531963,0.814127113270104,0
"RA biosynthesis pathway",0.839143942578101,0,0,0,0,0,0,0,0,0,0,0,0,0.897778489110363,0,0,0,0,0.783445996160963,0,0,0,0,0
"TNFs bind their physiological receptors",0.198848883900824,0.235789783836827,0.192080941187232,0.149278677430816,0.238739381620396,0.238595325043282,0.194090302546464,0.195391005387536,0.188410342287188,0.1474377851318,0,0,0.149595111316469,0,0.14628417195415,0.240029224011971,0,0,0,0,0,0,0,0.241653754555855
"Arachidonic acid metabolism",0.863496097465381,0.823806161301812,0.82848186215018,0.827615507843369,0.826949804434416,0.792274095007878,0.826984581702066,0.825903885649653,0.827150325772161,0.82666455883518,0.829690573832773,0.828821789449946,0.828250891397485,0.86057537348393,0,0.826137572961236,0.79051640174976,0.826833279157537,0.794931200471347,0.759965907259027,0.75927349934383,0.758852335388752,0.756315560782768,0
"Trafficking and processing of endosomal TLR",0.641166894052297,0.73404175570373,0.641935709871095,0.744882013969364,0.739035654067073,0.740977436768372,0.742093886869585,0.738773295423391,0.740501301542814,0,0,0,0,0,0.746847755265544,0.633018534837708,0,0,0,0,0,0,0,0
"Heme degradation",0.036148234223038,0.638142237130416,0.647447656417197,0.582445872759911,0,0,0,0,0,0.642720745425498,0.648743016574542,0.584846572995266,0,0.0354103201449063,0,0,0,0,0,0,0,0,0,0
