"","JAK2","TP53","IRF5","GTF2E1","HTT","CYP7A1","MED24","NT5C2"
"Phase II - Conjugation of compounds",0.842127245503396,0.841623771392415,0.842957050214187,0.842883376194121,0.844859826381846,0.843931797270596,0.843397817467106,0.842985360984431
"Collagen chain trimerization",0.860470793541271,0.855328921803373,0.862850527107719,0.862687941662409,0,0,0,0.861187230197614
"Glucuronidation",0.820790492901861,0.867261744894634,0.870189355662141,0.870027582407432,0.874367467476135,0.872424091200354,0.871157191447528,0.870760733371293
"APAP ADME",0.706138789878648,0.705535183355643,0.646106997869812,0.645862974291717,0.652409385717361,0.710388578199002,0.647566910089446,0
"Cytosolic sulfonation of small molecules",0.777983532326547,0.685526387047793,0.691874047320161,0.691523289742193,0.700933050200449,0.785642979762944,0.693972513698707,0.783173046640684
"Ethanol oxidation",0.460638627035796,0.458785074668307,0,0,0,0.636580010958281,0.46902819300065,0
"Activation of Matrix Metalloproteinases",0.757924633645927,0.756736446174379,0.758345280770304,0.716242558562173,0.718031369663744,0.67687250041462,0.760394959973961,0
"Collagen biosynthesis and modifying enzymes",0.896385890380277,0.893089933248715,0.898111719530553,0.89799380939772,0.868316180807585,0,0,0.896905464202858
