"","APC","TP53","ALB","OR10K1","MUC16","SLC12A2","FZD10","TLR4","ATM","ADAMTS1","FBXW7"
"Blood group systems biosynthesis",0.781531052972254,0,0,0,0.84582470258422,0,0,0,0,0.784674105326182,0
"Phase II - Conjugation of compounds",0.671299331650178,0.726568204563819,0.72816307264495,0,0,0,0,0,0.672893142701068,0,0.643412572047027
"Glucuronidation",0,0.709506323931329,0.713243753089241,0,0,0,0,0,0,0,0
"Lewis blood group biosynthesis",0.758545504505266,0,0,0,0.832606004767327,0,0,0,0,0.762166018056552,0
"Phase 4 - resting membrane potential",0,0,0,0.748406984580645,0,0.748688338270258,0.742161526108735,0,0,0,0
"Ethanol oxidation",0,0.676178915111367,0,0,0,0,0,0.682372407740964,0,0,0
"Potassium Channels",0.894662922443405,0.892415406047727,0.894821756826573,0.933791477730281,0,0.90053878278953,0.896798627576396,0.895625590369691,0.893717638451905,0,0.893302338339096
