"","ADCY8","OR1L3","OPRM1","JAK3","ARFGEF2","MYH6","IRF5","MAP3K5","HDAC9","APC","RPGRIP1L","CDK5R1","SMARCD3","LAMA5","MAPK6","SYNE1","TEC","GABRA5","SUPT16H","ATR","HDAC7","STK4","MFGE8","MAMLD1"
"Interaction between L1 and Ankyrins",0.849431359854783,0.857849657070481,0.799386165606639,0.850924528253917,0.856155236867209,0.795902119588643,0.854587468320378,0.854574542146492,0.854221329433866,0.854498450502314,0.85495031227331,0.857868268557767,0,0.855050611200947,0.796018419244489,0,0.85590299290396,0.855446461628129,0.855494501069576,0.853674267739168,0,0.798340777050098,0,0
"Classical antibody-mediated complement activation",0,0,0,0.469751696318161,0,0,0,0,0,0,0,0,0,0,0,0,0,0,0,0,0,0,0,0
"Neurexins and neuroligins",0.859732627074721,0.866668794209247,0.860971326945286,0.8614908532318,0.823225601011509,0.863217947268674,0.86186508057459,0.862577663701845,0.862299860507339,0.862176882363367,0.862150458777664,0.820455224798626,0.818793706190177,0.864443592630223,0.863198470488972,0,0.825113915083975,0.865677089631116,0,0,0,0.824732493810089,0.829025874866089,0
"Initial triggering of complement",0.809034769779567,0.757328759424089,0.811018553736345,0.749036261391043,0.756633305823602,0.75241368906961,0.750247066381455,0,0,0,0,0,0.751120416599208,0,0,0.815891719672801,0,0,0,0,0.752151457895799,0,0.759078149765748,0
"Phase 4 - resting membrane potential",0.761007156279314,0.777753259657588,0.763997769925848,0,0.776704842554989,0,0,0,0,0,0,0,0,0,0,0,0,0,0,0,0,0,0,0
"Phase 0 - rapid depolarisation",0.887497047222849,0.833469153274881,0.827322623200096,0.82858332453787,0.772574780860264,0.831292663958512,0.832052870338178,0.832037514673114,0.831617915172163,0.831947121505534,0.830156306436566,0.835950301243465,0.830548944273583,0.762830951022283,0.762701197994787,0.758491701902065,0.834497498088221,0,0.833130381071244,0.83096803252106,0.831521345519409,0,0,0.832523566678956
"LGI-ADAM interactions",0.632639253981138,0.649830499859756,0.546551901834765,0,0,0,0,0.642665090744764,0.641976557304032,0.638697325080386,0.639578159571327,0,0,0,0,0.644359353921045,0,0.555618104322972,0,0,0,0,0,0
"Synthesis of Leukotrienes (LT) and Eoxins (EX)",0,0,0,0.394034668973015,0,0.525234983061448,0.396560516449612,0.400038912403867,0.399850413348457,0.395835829155287,0,0.402794353354271,0.500969251615484,0.398743538029616,0.398517994926176,0.400659664843224,0,0,0.397892629214413,0.394133928456981,0.399682551221456,0,0,0.401424661405857
