"","PIK3CA","GPC6","MAP2K4","NDUFS2","RGMA","ARHGAP5","C8A","TBXAS1","SPSB4"
"Activation of Matrix Metalloproteinases",0.888822391877601,0.891949820304043,0.84979997282869,0,0.851773082957247,0.851644733647851,0.850214982002039,0,0.84767440090121
"Phase II - Conjugation of compounds",0.642459852304324,0.612950570712376,0.646892435032832,0.655774740346262,0.608093645476031,0.60732880449207,0.606426217396923,0.73998283073572,0.559333681823652
"Cytosolic sulfonation of small molecules",0,0,0,0.376305908421904,0,0,0,0,0
"Ethanol oxidation",0,0,0,0.462235829701213,0,0,0,0.676570567274169,0
