"","FYN","APC","TP53","P2RY6","CD14","GLI1","CCT4","CEP152","LRP2","ITGA4","GAK","NCAM2","ARAP2","OR4A15","OR5H1","WIPF2","ATP6V0C","TAS1R2","POU4F2","EP400","TAF5","SYNE1","LRP1","APAF1","KIF17","TRAM1","MRPS9"
"Induction of Cell-Cell Fusion",0.45659528840052,0.46738814011154,0.45109237777703,0.464457050513638,0,0,0,0,0.465390661504424,0,0,0,0,0,0,0,0,0,0,0,0,0,0.482167127551242,0,0,0,0
"Interaction between L1 and Ankyrins",0.907603199812789,0.867655473925227,0.8520558775248,0.822142680484144,0.868966397487103,0.865885617042966,0.823431685739496,0.865988895238371,0,0.867787948717481,0.864191522303935,0.873305076408018,0.870553101642186,0.870469418726412,0.870469418726412,0.87000729091223,0.867176226098219,0.829346346236437,0.830459298644415,0.824638024076082,0.823334635143544,0,0,0.870696173661452,0.86696204005491,0,0
"TNFs bind their physiological receptors",0.361577277671819,0.285043364369925,0.283366505072539,0,0.360954155544773,0.285227185162581,0.286912203412783,0,0.286453739810168,0.208646202488277,0.208077264326638,0,0,0,0,0,0,0,0,0,0,0,0.289052112697996,0.287216004280001,0.28871346813228,0.20651236679006,0.206000094525159
"Presynaptic depolarization and calcium channel opening",0.807344631418441,0.81050769894142,0.800902693538324,0.809648682755309,0.812660388393839,0.809675282301787,0.807535669349456,0.806195926309843,0.80789002308876,0.81072523800799,0.807616409155842,0.820808566572181,0.815265941759491,0.815128524647331,0.815128524647331,0.814369656853518,0.810824704016519,0.818223801874036,0,0,0,0.804774481120329,0,0,0,0,0
"Recycling of bile acids and salts",0.80108690836381,0.804662670303418,0.799263748100758,0.801394145715644,0.807096227271721,0.805055881637897,0.803597160605991,0.805247604007843,0.801703458836646,0,0,0,0,0,0,0,0,0,0.816693191347062,0.807220997405624,0.804801427484516,0.808304002831142,0.807261642195182,0,0,0,0
