"","IRF5","FOXO4","SMAD4","NRAS","LCK","PIK3CA","APC","NCOA3","SDSL","PAG1","LAMB2","KLB","CD79A","CTNNA2","MYLK","CACNA1B","RGMA","GRP","OPRD1","MAG","USP9X","PCBP1","RPN1","GPC4","HCLS1","BCAP31","MAP3K13"
"TNFs bind their physiological receptors",0.355911332677618,0.361297643779667,0.35692217629029,0.293002113072291,0.357152372181212,0.357372955284244,0.356234263121389,0.221398774705479,0,0.228975962885069,0.224110586037474,0.229083020533418,0.227761250591375,0.224752723165428,0,0,0.22420499128914,0,0,0,0.223549484699693,0.35801636882204,0.355739719379073,0.361676487171761,0.228825320764581,0.298046694044354,0.234792742709776
"Cytosolic sulfonation of small molecules",0.459043574735072,0.461985487034179,0.456990830833275,0,0,0,0,0.457936123782487,0.562683575536775,0,0,0,0,0,0,0,0,0,0,0,0.560933172714999,0,0,0,0,0,0
"Phase II - Conjugation of compounds",0.619932462203764,0.619907747298209,0.619112375163996,0.618607034799698,0.617264208632117,0.617018929577028,0.581881188348205,0.618289995410545,0.66592272264213,0,0,0,0,0,0,0,0.584604908569665,0,0,0,0.666369177877569,-0.0313831974672545,0,0.628778547801009,0,0,0
"Transport of inorganic cations/anions and amino acids/oligopeptides",0.840996876195368,0.842800303021849,0.777087586173893,0.838722474932582,0.839543053706869,0.836526299893727,0.776238815641503,0.840317995741484,0.904121680927141,0.845006925341882,0.842848407811822,0.779138272225379,0.777904918497524,0.844468590409764,0.841277291855326,0.836208261789503,0.779459696522051,0.840085910851403,0.838209591639867,0.784714196428726,0,0.777087586173893,0.775523568257434,0,0,0,0
"Interaction between L1 and Ankyrins",0.778738521040466,0.68085826933795,0.671657590252723,0.863481926009685,0.776585007530436,0.767342824781685,0.678029611001163,0,0,0.784678513770815,0.776707616509142,0.780052952525239,0.778226014273429,0.678258740649461,0.779153894249316,0.774625453244409,0,0.675587394811558,0.674320429560869,0.684320286288598,0,0,0,0,0.682375464728249,0,0
