"","LAMA5","IRF5","CDK1"
"Phase II - Conjugation of compounds",0.832016986952992,0.831626980309939,0.801813218307715
"Glucuronidation",0.835765402716809,0.834378488717081,0.770111962582753
"Cytosolic sulfonation of small molecules",0.756644821692533,0.6523831681601,0.645939285939481
"Ethanol oxidation",0,0,0
"APAP ADME",0,0,0
"Adrenaline,noradrenaline inhibits insulin secretion",0.75298045387722,0.755823477682169,0.749329245284142
"Neurexins and neuroligins",0.752424238929244,0.751182983523772,0.74726566394042
