"","PLCB1","EPHB1","APC","NGFR","IRF5","TP53","KCNQ2","GRIA4","A2M","KCNN2","OR5AS1","OR5B21","OR2B11","CACNA1B","GNA12","GPR27","COL11A1","MYF6","TFAP2B"
"Voltage gated Potassium channels",0.823270707780672,0.860644704899336,0.829340877117905,0,0,0,0.891940450690269,0.861778803505518,0,0.831495912677739,0.826711849634115,0.826711849634115,0.826711849634115,0.825380567247207,0,0.824675490644726,0,0,0
"Interaction between L1 and Ankyrins",0.87372677480602,0.875882774064244,0.828989465810042,0.873700976987228,0.876203705436516,0.864085040701829,0.919981264184331,0.878065028524227,0.873856068905827,0.881327190858405,0.878905932796867,0.878905932796867,0.878905932796867,0.874275421549347,0.873828848324193,0.831878200347919,0.8278411101434,0,0
"Cytosolic sulfonation of small molecules",0.584682763885285,0,0,0.589068365513069,0.498769346439402,0.49236422602189,0,0,0,0,0,0,0,0,0,0,0,0.507623356073396,0.507353990658116
"Collagen chain trimerization",0.791842647945578,0.84903315328545,0.793037587050657,0.848825841528586,0.849148015693108,0.844299493953246,0,0,0.851833315382619,0,0,0,0,0,0.794633860621377,0,0.605846657646385,0.798942805943774,0
