"","TFAP2B","P2RY6","CCT6A","SYNE1","ACAN","FSHR","OR1A1","CNGB1"
"Activation of Matrix Metalloproteinases",0.828831558229656,0.821054286440874,0.745195811239389,0.74649678481117,0.895969019390039,0,0,0
"Peptide hormone biosynthesis",0.565757068065542,0.409780788415156,0.412761058929008,0.270672904701558,0,0.540545198339165,0.425412909754578,0.274066117777366
