"","HBS1L","ESR1","RPS6KA2"
"Interaction between L1 and Ankyrins",0,0.891419465914853,0.893721795180917
"Regulation of insulin secretion",0,0.842264897825434,0.814390638595869
"Peptide hormone metabolism",0,0.791644075356598,0.772741544176023
"Cardiac conduction",0,0.853623033342558,0.853935723454986
