"","HIF3A","TCF7L2","TK1","APC","GRIA1","COL20A1","MAGED2","TRIM45","HCK","PACSIN2","NOL6","FAF1","ADAMTS17","S1PR2","KIF21B","CP","KRT1","CDH7"
"Phase II - Conjugation of compounds",0.780679656561225,0.781469067685038,0.748170722137972,0.713278059309461,0,0,0,0,0,0,0,0.745424353924711,0,0,0,0,0,0
"Cytosolic sulfonation of small molecules",0.670319212382714,0.664397800899256,0.669772764242768,0,0,0,0,0,0,0,0,0.66279170253082,0,0,0,0,0,0
"Collagen degradation",0.876799620574069,0.874086952546991,0.876549286274244,0.873306133306472,0.870267111473431,0.919707790929062,0.874255822371161,0.874175481599174,0.873687727274396,0.82585654399777,0.825634412874814,0,0.87593161726417,0.825019067056395,0,0.784249003122762,0.879331892719843,0.876638304967949
"Assembly of collagen fibrils and other multimeric structures",0.896528590488242,0.894683505239093,0.895164775033167,0.89415241258472,0.924728501461079,0.925713596320038,0.894798366039785,0.89303994629099,0.894411962737688,0.857984387925998,0.894125956893062,0.86048808571837,0.895040372213553,0.858417951125526,0.894900775484883,0,0.898250975216621,0.896940281170304
"Glucuronidation",0.796594304229595,0.792115648157163,0,0,0,0,0,0,0,0,0,0,0,0,0,0,0,0
"Collagen biosynthesis and modifying enzymes",0.845711348278678,0.843807038038441,0.845572968810631,0.881688755506549,0.916678137968568,0.917059073081947,0.882427944635131,0.880415717977623,0.879008659407948,0.843134818635663,0.881658481251478,0.841369421296587,0.878714690741492,0,0.882545135661647,0.847682338690554,0,0
"Metabolism of Angiotensinogen to Angiotensins",0.668351510106929,0.663976955266266,0,0.584525965818068,0.663187706176993,0.592320822428648,0.663013050635192,0.666248395274618,0.663333148935631,0.663013268493558,0.583888930899547,0,0,0.732545724058011,0.585725966030066,0.672435151474982,0,0
