"","EPHX1","HGF","TP53","TBP","APC","DYNC1H1","PIK3CA","MYBL1","STX4","TBX3","DUSP6","TUBGCP6","CAPN2","HLA-DPA1","MARK3","IL7R","KLHL11","DAO"
"RA biosynthesis pathway",0.884771785903425,0,0,0,0,0,0,0,0,0,0,0,0,0,0,0,0,0
"Arachidonic acid metabolism",0.935582611434727,0.907217971728079,0.905163488731821,0.879809606687816,0.879396587110328,0.906442700011252,0.90551531664698,0.880673464815784,0.908337913692993,0.912029917711281,0.909846229805383,0.908028582229142,0.909445288842707,0.906901214811135,0.90879556669467,0.880291157474663,0.878427017631874,0
"Blood group systems biosynthesis",0,0.8750400842525,0,0,0.874903384965854,0,0,0,0,0,0,0,0,0,0,0,0,0
"Ethanol oxidation",0.848565637800305,0,0.777638056631574,0.780297844834882,0,0,0,0,0,0,0,0,0,0,0,0,0,0.785503554396312
"APAP ADME",0.810024857749833,0.757235240477104,0.805830196829263,0.754747190280928,0,0.806346274932623,0.746137017405356,0.761175825268422,0,0,0,0,0,0,0,0,0,0.759461980236813
"Lewis blood group biosynthesis",0,0.867751195677336,0,0,0.867597851263287,0,0,0,0,0,0,0,0,0,0,0,0,0
"Synthesis of Prostaglandins (PG) and Thromboxanes (TX)",0.901074340395486,0.76517782546609,0.832009070445358,0.772517744090469,0,0.769357512082064,0.767219896414383,0.774914920711463,0.837185163153627,0.777320055363372,0.772286661773614,0.773012965486409,0.771362494146017,0.772746821326744,0.768814176782882,0.773627717103147,0.769330880769637,0
"Aflatoxin activation and detoxification",0.819720047419009,0,0.72921787136814,0,0,0,0,0,0,0,0,0,0,0,0,0,0,0
