"","DLGAP4","FAT4","GRIA2","RELN","KCNN3","ZNF423","NPFFR2","OR2AK2","KRAS","SYNE1","BRD4","OR3A1","PIK3C2G","DSEL","ARRB2","CLASP1","MYO18B","KERA","NR1H4","TP53","NEMF","MYBPC1","TBP","EIF2AK1","PTEN","OR6C4","SEMA3D","MCMDC2","KDR","TRPC3","PANK2"
"Extracellular matrix organization",0.611847817615385,0,0.553436567112263,0.580352212780335,0.52191976603542,0,0.584174499793549,0.549302880919341,0.579719111391679,0.548082695975543,0.522938199462433,0.549302880919341,0.579216697463713,0.613055803941105,0.586073213071647,0.549727702652727,0.585475130183487,0.580766649331845,0.551020305791197,0.548332886149485,0,0.548441775439581,0.550283537622109,0.550715205118796,0.579537610861374,0.549302880919341,0.521611684843026,0,0.580051949558501,0,0
