"","AKT1","PTK2B","GNB3","GNB5","STAT5A","CSF2","IVL"
"Phase 4 - resting membrane potential",0.818444303841096,0.822985558314839,0.888354565383944,0.815996687753314,0,0,0
"Ethanol oxidation",0.746440505524798,0,0,0,0,0,0
"Heme degradation",0.654543453531999,0.596205655312534,0.589921970647555,0.589943734068477,0.656898546285304,0.657833583446219,0.604090296958339
"Collagen chain trimerization",0.848190838268215,0.853324368908853,0.795732126428977,0.795749360986875,0.853471708696294,0.850213640610182,0.806952092305957
"RA biosynthesis pathway",0.796557633486437,0,0,0,0,0,0
"Synthesis of Prostaglandins (PG) and Thromboxanes (TX)",0.78724421597341,0.710916268870819,0.702776437784023,0.70280462993236,0.711805324783967,0.713016563882603,0.724239065987663
