{
    "search_results": {
        "(0, 0, 1)": {
            "alpha_param": 0,
            "beta_param": 0,
            "gamma_param": 1,
            "precision": [
                0.8176100628930818,
                0.6163522012578616,
                0.4947589098532495,
                0.40303983228511536,
                0.35681341719077597,
                0.3197064989517817,
                0.30428271937705936,
                0.29215333932315074,
                0.2846411101128084,
                0.27946990116801457,
                0.27501020991587055,
                0.2724849573906179,
                0.27091263034659274,
                0.2704288374099697,
                0.26929077212096086,
                0.26889769035995464,
                0.2685277310554781,
                0.2686099442342507,
                0.26842604633436473,
                0.26832674146842633
            ],
            "recall": [
                0.2682790885928704,
                0.3715119261024375,
                0.42531171645883176,
                0.44491293386292896,
                0.4639776828805079,
                0.4733068233417239,
                0.4874987547506364,
                0.4948931842205377,
                0.5035072902403039,
                0.510507889222035,
                0.513407959103237,
                0.5158712714722097,
                0.5175222148684362,
                0.5191932870891393,
                0.5191932870891393,
                0.5212897231478395,
                0.5212897231478395,
                0.521551777655177,
                0.521551777655177,
                0.521551777655177
            ],
            "f1": [
                0.37539844873918105,
                0.4308245480861305,
                0.4277230444228126,
                0.39645861415997324,
                0.3791976910265415,
                0.3593860090607,
                0.3520737025923916,
                0.34476285254159805,
                0.34075652964633363,
                0.3377103983146603,
                0.3346373398716586,
                0.3329495685297716,
                0.33196482454679715,
                0.33184836382376787,
                0.33090088028005726,
                0.33091698208598,
                0.33066843885617137,
                0.33078749947008507,
                0.3306802095390262,
                0.330607153499434
            ],
            "target_performance": 0.35681341719077597
        }
    },
    "gene_number_to_optimize": 5
}