{
    "search_results": {
        "(2, 1.2, 2)": {
            "alpha_param": 2,
            "beta_param": 1.2,
            "gamma_param": 2,
            "precision": [
                0.9617224880382775,
                0.861244019138756,
                0.7320574162679424,
                0.6415470494417863,
                0.5937001594896327,
                0.5570175438596492,
                0.538676236044657,
                0.5285942128047388,
                0.5248063340168599,
                0.5231582744740636,
                0.5225928112291746,
                0.5221215918584337,
                0.5216308545255911,
                0.5214731175257488,
                0.5213364121258856,
                0.5213364121258856,
                0.5213364121258856,
                0.5213364121258856,
                0.5213364121258856,
                0.5213364121258856
            ],
            "recall": [
                0.28797588716548533,
                0.4623707590602044,
                0.5429049382462233,
                0.5877768792082689,
                0.6163159085251771,
                0.6249968425046343,
                0.6285211809088352,
                0.6315161023362511,
                0.6347353133773885,
                0.6357407914995715,
                0.6359488214558852,
                0.6361568514121989,
                0.6361568514121989,
                0.6361568514121989,
                0.6361568514121989,
                0.6361568514121989,
                0.6361568514121989,
                0.6361568514121989,
                0.6361568514121989,
                0.6361568514121989
            ],
            "f1": [
                0.40155408436763795,
                0.5415257503859081,
                0.5579252610664676,
                0.5487359797175245,
                0.5402248426851088,
                0.5254230725797193,
                0.5176131200606836,
                0.5133267306583804,
                0.5126236685064511,
                0.5123196599343725,
                0.5122707776075219,
                0.5122342657102222,
                0.5120155521951097,
                0.5119768097740959,
                0.5119400044741327,
                0.5119400044741327,
                0.5119400044741327,
                0.5119400044741327,
                0.5119400044741327,
                0.5119400044741327
            ],
            "target_performance": 0.5937001594896327
        },
        "(2, 1.2, 3)": {
            "alpha_param": 2,
            "beta_param": 1.2,
            "gamma_param": 3,
            "precision": [
                0.9712918660287081,
                0.8899521531100478,
                0.7575757575757575,
                0.6447368421052632,
                0.5873205741626788,
                0.5307017543859649,
                0.4968671679197996,
                0.4767031214399635,
                0.4602889800258222,
                0.45252715121136194,
                0.44556760358195757,
                0.4411453910257739,
                0.43875304652816616,
                0.4371493870297699,
                0.4359418226643107,
                0.43528392792746856,
                0.4352135648540096,
                0.43507283870709146,
                0.4351987515753866,
                0.43509802128075054
            ],
            "recall": [
                0.28830398012515723,
                0.4725031837859305,
                0.5676419012934356,
                0.6200970735000394,
                0.6670819921745559,
                0.6815059921357931,
                0.6928469785853223,
                0.7065422190020106,
                0.7118193611326996,
                0.7162279781957792,
                0.7168381468681487,
                0.7170461768244625,
                0.71845037902958,
                0.7186584089858936,
                0.7186584089858936,
                0.7186584089858936,
                0.7194558571517629,
                0.7194558571517629,
                0.7196638871080765,
                0.7196638871080765
            ],
            "f1": [
                0.40218795342255964,
                0.5541689275027695,
                0.5811640567036893,
                0.5660257872958272,
                0.557641184801363,
                0.5317329262984078,
                0.5154563668902012,
                0.507904096214233,
                0.5000464131768863,
                0.49665129699295507,
                0.49295641394142764,
                0.4909253678283541,
                0.49047734671433285,
                0.4898331457601177,
                0.4891806194543258,
                0.48890153896583977,
                0.48913067452211817,
                0.4890746401271877,
                0.48924921411434186,
                0.48920682484306643
            ],
            "target_performance": 0.5873205741626788
        },
        "(2, 1.2, 10)": {
            "alpha_param": 2,
            "beta_param": 1.2,
            "gamma_param": 10,
            "precision": [
                0.9521531100478469,
                0.8564593301435407,
                0.7432216905901117,
                0.6415470494417862,
                0.5645135566188195,
                0.5101275917065391,
                0.46285030758714973,
                0.43397129186602873,
                0.40566188197767145,
                0.38003721424774056,
                0.36307331690106787,
                0.35078536561790147,
                0.33716740463151984,
                0.32733513164135186,
                0.3163759154189778,
                0.3076438580027096,
                0.3022259013463631,
                0.29581504354231614,
                0.28989713873244466,
                0.2861197526835904
            ],
            "recall": [
                0.28763115180930837,
                0.46322231899123173,
                0.562047978441895,
                0.6242824799015124,
                0.6585511586354282,
                0.6883961411229115,
                0.7085151101918769,
                0.7310212857850641,
                0.7446272163557123,
                0.7502957632322399,
                0.7649833801102591,
                0.7801802463030959,
                0.7891834993852967,
                0.8029973541108701,
                0.8066084987282063,
                0.811475062158843,
                0.8186165414409505,
                0.8216119421530695,
                0.8235477764687665,
                0.8267232692375608
            ],
            "f1": [
                0.4008895442294136,
                0.5416005065768167,
                0.5735893634810155,
                0.5674696703665045,
                0.5436633853723672,
                0.5234750833607676,
                0.5007843126173954,
                0.48567601684227485,
                0.46825435045962893,
                0.4494786171220533,
                0.4394154016613998,
                0.43213216311423697,
                0.42323244837486096,
                0.41773306465001037,
                0.4091817459998882,
                0.4025400411141118,
                0.3993160773878452,
                0.39448954762226235,
                0.3900538495200523,
                0.3876364133197203
            ],
            "target_performance": 0.5645135566188195
        },
        "(2, 1.2, 20)": {
            "alpha_param": 2,
            "beta_param": 1.2,
            "gamma_param": 20,