{
    "search_results": {
        "(0, 0, 1)": {
            "alpha_param": 0,
            "beta_param": 0,
            "gamma_param": 1,
            "precision": [
                0.8176100628930818,
                0.6163522012578616,
                0.4947589098532495,
                0.40303983228511536,
                0.3568134171907758,
                0.3197064989517818,
                0.30428271937705914,
                0.2921533393231507,
                0.28464111011280824,
                0.2794699011680145,
                0.27501020991587066,
                0.272484957390618,
                0.27091263034659285,
                0.27042883740996965,
                0.269290772120961,
                0.26889769035995464,
                0.2685277310554782,
                0.2686099442342507,
                0.26842604633436473,
                0.2683267414684263
            ],
            "recall": [
                0.2682790885928704,
                0.3715119261024375,
                0.42531171645883176,
                0.44491293386292896,
                0.46397768288050806,
                0.473306823341724,
                0.4874987547506367,
                0.4948931842205379,
                0.5035072902403043,
                0.5105078892220353,
                0.5134079591032372,
                0.51587127147221,
                0.5175222148684364,
                0.5191932870891394,
                0.5191932870891394,
                0.5212897231478396,
                0.5212897231478396,
                0.5215517776551771,
                0.5215517776551771,
                0.5215517776551771
            ],
            "f1": [
                0.37539844873918105,
                0.43082454808613047,
                0.42772304442281245,
                0.3964586141599732,
                0.37919769102654144,
                0.35938600906069984,
                0.35207370259239157,
                0.344762852541598,
                0.34075652964633335,
                0.33771039831466004,
                0.33463733987165833,
                0.3329495685297716,
                0.33196482454679693,
                0.3318483638237676,
                0.33090088028005704,
                0.3309169820859799,
                0.33066843885617125,
                0.33078749947008496,
                0.3306802095390261,
                0.3306071534994339
            ],
            "target_performance": 0.3568134171907758
        }
    },
    "gene_number_to_optimize": 5
}